,,,Annual Fees in Indian Rupees,,,
S.No.,Name of the College,Courses Offered (UG - Merit Based),"UR/ OBC/ EWS/
Minority",SC,ST,PwD
1,Acharya Narendra Dev College,B.Com. (H),7965,7965,7965,2555
,,B.Sc. (H) Biomedical Science,18965,18965,18965,2555
,,B.Sc. (H) Botany,7965,7965,7965,2555
,,B.Sc. (H) Chemistry,8465,8465,8465,2555
,,B.Sc. (H) Computer Science,22965,22965,22965,2555
,,B.Sc. (H) Electronics,7965,7965,7965,2555
,,B.Sc. (H) Mathematics,7965,7965,7965,2555
,,B.Sc. (H) Physics,7965,7965,7965,2555
,,B.Sc. (H) Zoology,7965,7965,7965,2555
,,B.Sc. Life Sciences,7965,7965,7965,2555
,,B.Sc. Physical Science with Chemistry,7965,7965,7965,2555
,,B.Sc. Physical Science with Computer Science,7965,7965,7965,2555
,,B.Sc. Physical Science with Electronics,7965,7965,7965,2555
2,Aditi Mahavidyalaya(W),BA (Program),4160,4160,4160,405
,,BA (Hons) Geography,5660,5660,5660,405
,,BA (Hons) Hindi Journalism,7310,7310,7310,405
,,BA (Hons) Social Work,5710,5710,5710,405
,,B.Com (Hons),5660,5660,5660,405
,,B.Com Program,5160,5160,5160,405
3,Aryabhatta College,B.A. (Honours) Economics,13830,13830,13830,784
,,B.A. (Honours) English,13830,13830,13830,784
,,B.A. (Honours) Hindi,13830,13830,13830,784
,,B.A. (Honours) History,13830,13830,13830,784
,,B.A. (Honours) Political Science,13830,13830,13830,784
,,B.A. (Honours) Psychology,15830,15830,15830,784
,,B.Sc.(Honours) Computer Science,29130,29130,29130,784
,,B.Sc.(Honours) Mathematics,15830,15830,15830,784
,,B. Com.(Honours),13830,13830,13830,784
,,B.Com.,13830,13830,13830,784
,,B. A. Programme (History + Political Science),13830,13830,13830,784
4,Atma Ram Sanatan Dharma College,B.Com.,10785,10785,10785,525
,,B.Com. ( Hons.),12185,12185,12185,525
,,B. A. Prog.,10785,10785,10785,525
,,B. A. (Hons.) English,10985,10985,10985,525
,,B.A. (Hons.) Hindi,10985,10985,10985,525
,,B. A. (Hons.) History,10985,10985,10985,525
,,B. A. (Hons.) Political Science,10985,10985,10985,525
,,B. A. (Hons.) Economics,10985,10985,10985,525
,,B. Sc. (Hons.) Physics,12075,12075,12075,525
,,B. Sc. (Hons.) Chemistry,12075,12075,12075,525
,,B. Sc. (Hons.) Mathematics,12075,12075,12075,525
,,B. Sc. (Hons.) Electronics,12075,12075,12075,525
,,B. Sc. (Hons.) Computer Science,50500,50500,50500,38200
,,B. Sc. (Prog.) Physical Science Chemistry,13345,13345,13345,525
,,B. Sc. (Prog.) Physical Science Electronics,13345,13345,13345,525
,,B. Sc. (Prog.) Physical Science Computer Science,13345,13345,13345,525
,,"B. Sc. (Prog.) Applied Physical Science Industrial
Chemistry",13345,13345,13345,525
5,Bhagini Nivedita College,B.A. Programme,6060,6060,6060,170
,,B. Com.,5260,5260,5260,170
,,B.A. (Hons.) Hindi,5260,5260,5260,170
,,B.A. (Hons.) History,5260,5260,5260,170
,,B.A. (Hons.) Pol. Science,5260,5260,5260,170
,,B.Sc.Physical Science with Chemistry,6760,6760,6760,170
,,B.Sc.Physical Science with Computer,6760,6760,6760,170
,,B.Sc. (Hons.) Home Science,6060,6060,6060,170
,,B.Sc.  (Hons.) Physics,6760,6760,6760,170
6,Bharati College,B.A. (Hons.) English,10465,10465,10465,1075
,,B.A. (Hons.) Hindi,10465,10465,10465,1075
,,B.A. (Hons.) Sanskrit,10465,10465,10465,1075
,,B.A. (Hons.) History,10465,10465,10465,1075
,,B.A. (Hons.) Pol. Science,10465,10465,10465,1075
,,B. A. (Hons.) Journalism,10465,10465,10465,1075
,,B. Sc. (Hons.) Psychology,11965,11965,11965,1075
,,B. A (Hons.) Sociology,10465,10465,10465,1075
,,B. Sc. (Hons.) Maths,10465,10465,10465,1075
,,B. Com. (Hons),10465,10465,10465,1075
,,B. Com.,10465,10465,10465,1075
7,Bhaskaracharya College of Applied Sciences,B.Sc.(H)Biomedical Science,23020,23020,23020,9410
,,B.Sc. (H) Botany,13020,13020,13020,9410
,,B.Sc. (H) Chemistry,13020,13020,13020,9410
,,B.Sc. (H) Computer Science,28020,28020,28020,9410
,,B.Sc. (H) Electronics,13020,13020,13020,9410
,,B.Sc. (H) Food Technology,13020,13020,13020,9410
,,B.Sc. (H)Instrumentation,13020,13020,13020,9410
,,B.Sc. (H) Microbiology,13020,13020,13020,9410
,,B.Sc. (H) Physics,13020,13020,13020,9410
,,B.Sc. (H) Polymer Science,23020,23020,23020,9410
,,B.Sc. (H) Zoology,13020,13020,13020,9410
8,College of Vocational Studies,B.A.(VS) Office Management and Secretarial Practice,10150,10150,10150,75
,,B.A.(VS) Marketing Management and Retail Business,10150,10150,10150,75
,,B.A.(VS) Human Resource Management,10150,10150,10150,75
,,B.A.(VS) Small and Medium Enterprises,10150,10150,10150,75
,,B.A.(VS) Management and Marketing of Insurance,10150,10150,10150,75
,,B.A.(VS)Material Management,10150,10150,10150,75
,,B.A.(VS)TourismManagement,10150,10150,10150,75
,,B.COM (HONS.),10150,10150,10150,75
,,B.A.(Hons.)Economics,10150,10150,10150,75
,,B.A.(Hons.) History,10150,10150,10150,75
,,B.SC.(H) Computer  Science,41000,41000,41000,75
,,B.A.(Hons.) English,10150,10150,10150,75
,,B.A.(Hons.) Hindi,10150,10150,10150,75
,,B.A(H)Economics,15890,15890,15890,1155
,,B.A(H)English,15890,15890,15890,1155
,,B.A(H)Hindi,15890,15890,15890,1155
,,B.A(H)History,15890,15890,15890,1155
,,B.A(H)Music,16540,16540,16540,1155
,,B.A(H)Philosophy,15890,15890,15890,1155
,,B.A(H)Pol. Science,15890,15890,15890,1155
,,B.A(H)Psychology,17490,17490,17490,1155
,,B.A(H)Sanskrit,15890,15890,15890,1155
9,Daulat Ram College,B.A. Programme,**,**,**,1155
,,B.Com. (P),16890,16890,16890,1155
,,B.Com. (H),16890,16890,16890,1155
,,B.Sc(H)Biochemistry,19480,19480,19480,1155
,,B.Sc(H)Botany,19540,19540,19540,1155
,,B.Sc(H)Chemistry,19480,19480,19480,1155
,,B.Sc(H)Mathematics,18370,18370,18370,1155
,,B.Sc(H)Physics,19540,19540,19540,1155
,,B.Sc(H)Zoology,18570,18570,18570,1155
,,B.Sc. Life Sciences,18580,18580,18580,1155
,,,,,,
,,**,,,,
,,B.A. (Prog.) with Maths and Economics,18140,18140,18140,1155
,,B.A. (Prog.) with History and Pol. Science,15890,15890,15890,1155
,,B.A. (Prog.) with NHE and Music,17315,17315,17315,1155
,,B.A. (Prog.) with ESB and NHE,17340,17340,17340,1155
,,B.A.(Prog) with Philosophy & Psychology,17490,17490,17490,1155
,,"B.A.(Prog) with Physical Education and Political
Science",16290,16290,16290,1155
,,B.A. (Prog.) with Phy.Edu & Hindi,16290,16290,16290,1155
,,B.A. (Prog.) with Sanskrit and Music,16540,16540,16540,1155
,,B.A (Prog.) with History & English (Elec),15890,15890,15890,1155
,,B.A. (HONS.) ENGLISH,19545,19545,19545,1730
,,B.COM. (HONS.),18745,18745,18745,1730
,,B.SC. (HONS.) BOTANY,19345,19345,19345,1730
,,B.SC. (HONS.) CHEMISTRY,19345,19345,19345,1730
10,Deen Dayal Upadhyaya College,B.SC. (HONS.) COMPUTER SCIENCE,36145,36145,36145,1730
,,B.SC. (HONS.) ELECTRONICS,20345,20345,20345,1730
,,B.SC. (HONS.) MATHEMATICS,18945,18945,18945,1730
,,B.SC. (HONS.) PHYSICS,19345,19345,19345,1730
,,B.SC. (HONS.) ZOOLOGY,19345,19345,19345,1730
,,B.SC. LIFE SCIENCE,19745,19745,19745,1730
,,B.SC. PHYSICAL SCIENCE WITH CHEMISTRY,19345,19345,19345,1730
,,B.SC. PHYSICAL SCIENCE WITH COMP. SCIENCE,19345,19345,19345,1730
,,B.SC. MATHEMATICAL SCIENCE,19345,19345,19345,1730
,,B.A. PROGRAMME,18545,18545,18545,1730
11,Delhi College of Arts & Commerce,B.A. (Hons.) Economics,8495,8495,8495,105
,,B.A. (Hons.) English,8495,8495,8495,105
,,B.A. (Hons.) History,8495,8495,8495,105
,,B.A. (Hons.) Journalism,17845,17845,17845,105
,,B.A. (Hons.) Political Science,8495,8495,8495,105
,,B.A. (Prog.),9095,9095,9095,105
,,B.Com,8495,8495,8495,105
,,B.Com (Hons.),8495,8495,8495,105
,,B.A. PROGRAMME,9996,9296,9296,45
,,B.A. (H) ECONOMICS,9996,9296,9296,45
,,B.A. (H) ENGLISH,9996,9296,9296,45
,,B.A. (H) HINDI,9996,9296,9296,45
,,B.A. (H) HISTORY,9996,9296,9296,45
,,B.A. (H) POLITICAL SC.,9996,9296,9296,45
,,B.A. (H) SANSKRIT,9996,9296,9296,45
,,B.COM (H),12996,12296,12296,45
12,Deshbanndhu College,B.SC. LIFE SCIENCES,15050,14350,14350,45
,,B.SC. PHYSICAL SC.,15050,14350,14350,45
,,B.SC. (H) BIOCHEMISTRY,15050,14350,14350,45
,,B.SC. (H) BOTANY,15050,14350,14350,45
,,B.SC. (H) CHEMISTRY,15050,14350,14350,45
,,B.SC. (H) MATHS,15050,14350,14350,45
,,B.SC. (H) PHYSICS,15050,14350,14350,45
,,B.SC. (H) ZOOLOGY,15050,14350,14350,45
,,B.SC. COMPUTER SC.,15050,14350,14350,45
,,B.SC. INDUSTRIAL CHEM.,15050,14350,14350,45
13,Department of German and Romance Studies,BA(Hons) French,3046,3046,3046,16
,,BA(Hons) German,3046,3046,3046,16
,,BA(Hons) Spanish,3046,3046,3046,16
,,BA(Hons) Italian,3046,3046,3046,16
14,Dr. Bhim Rao Ambedkar College,BA,10715,10715,10715,55
,,BA (H) Applied Psychology,12895,12895,12895,55
,,B A (H) Geography,11245,11245,11245,55
,,B A (H) Hindi Journalism,12765,12765,12765,55
,,B A (H) History,10365,10365,10365,55
,,B A (H) Social Work,13075,13075,13075,55
,,B Com,10815,10815,10815,55
,,B Com (H),11915,11915,11915,55
,,B A (H) Economics,10265,10265,10265,55
,,B A (H) Hindi,10265,10265,10265,55
,,B.A.,12905,12905,12905,1070
,,B.Com,13505,13505,13505,1070
,,B.Com (H),13705,13705,13705,1070
,,B.A. (H) Hindi,13005,13005,13005,1070
,,B.A. (H) Economics,13005,13005,13005,1070
15,Dyal Singh College,B.A. (H) History,13005,13005,13005,1070
,,B.A.(H) Political Science,13105,13105,13105,1070
,,B.A.(H) English,13105,13105,13105,1070
,,B.A. (H) Geography,14705,14705,14705,1070
,,B.A. (H) Philosophy,13005,13005,13005,1070
,,B.A. (H) Punjabi,13005,13005,13005,1070
,,B.A. (H) Urdu,13005,13005,13005,1070
,,B.A. (H) Sanskrit,13005,13005,13005,1070
,,B.Sc. (H) Mathematics,14560,14560,14560,1070
,,B.Sc. (H) Physics,15960,15960,15960,1070
,,B.Sc. (H) Computer Science,15900,15900,15900,1070
,,B.Sc. (H) Botany,16460,16460,16460,1070
,,B.Sc. (H) Zoology,16260,16260,16260,1070
,,B.Sc. (H) Chemistry,15860,15860,15860,1070
,,B.Sc. Physical Science (Computer Science),14760,14760,14760,1070
,,B.Sc. Life Science,15860,15860,15860,1070
,,B.Sc. Physical Science,15560,15560,15560,1070
16,Dyal Singh Evening College,B.A.(Hons.) English,12900,12900,12900,1110
,,B.A.(Hons.) History,12900,12900,12900,1110
,,B.A.(Hons.) Political Science,12900,12900,12900,1110
,,B.Com (Hons.),12900,12900,12900,1110
,,B.Com,12900,12900,12900,1110
,,B.A.(Prog.),12900,12900,12900,1110
17,Gargi College,B.A. (Prog.),"12295
to 13195","12295
to 13195","12295
to 13195",20
,,B.A. (Hons.) Applied Psychology,13795,13795,13795,20
,,B.A. (Hons.) Economics,13095,13095,13095,20
,,B.A. (Hons.) English,12295,12295,12295,20
,,B.A. (Hons.) Hindi,12295,12295,12295,20
,,B.A. (Hons.) History,12295,12295,12295,20
,,B.A. (Hons.) Philosophy,12295,12295,12295,20
,,B.A. (Hons.) Political Science,12295,12295,12295,20
,,B.A. (Hons.) Sanskrit,12295,12295,12295,20
,,B.Com. (Prog.),12495,12495,12495,20
,,B.Com. (Hons.),12495,12495,12495,20
,,B.Sc. (Prog.) Life Science,14045,14045,14045,20
,,B.Sc. (Prog.) Physical Science,13645,13645,13645,20
,,B.Sc. (Hons.) Botany,14045,14045,14045,20
,,B.Sc. (Hons.) Chemistry,14145,14145,14145,20
,,B.Sc. (Hons.) Microbiology,15045,15045,15045,20
,,B.Sc. (Hons.) Physics,13645,13645,13645,20
,,B.Sc. (Hons.) Zoology,14045,14045,14045,20
,,B.Sc. (Hons.) Mathematics,13095,13095,13095,20
,,B.A. (HONS) ECONOMICS,20945,20945,20945,775
,,B.A. (HONS) ENGLISH,20945,20945,20945,775
,,B.A. (HONS) HINDI,20945,20945,20945,775
,,B.A. (HONS) HISTORY,20945,20945,20945,775
18,Hansraj College,B.A. (HONS) PHILOSOPHY *,20945,20945,20945,775
,,B.A. (HONS) SANSKRIT,20945,20945,20945,775
,,B.COM. (HONS),20945,20945,20945,775
,,B.SC. LIFE SC,24515,24515,24515,775
,,B.SC. PHYSICAL SC. WITH CHEMITRY,24315,24315,24315,775
,,B.SC. PHYSICAL SC. WITH COMP. SCI.,24315,24315,24315,775
,,B.SC. (HONS) ANTHROPOLOGY,24515,24515,24515,775
,,B.SC. (HONS) BOTANY,24515,24515,24515,775
,,B.SC. (HONS) CHEMISTRY,24315,24315,24315,775
,,B.SC. (HONS) COMPUTER SC.,48735,48735,48735,775
,,B.SC. (HONS) ELECTRONICS,24515,24515,24515,775
,,B.SC. (HONS) GEOLOGY,24515,24515,24515,775
,,B.SC. (HONS) MATHEMATICS,24115,24115,24115,775
,,B.SC. (HONS) PHYSICS,24115,24115,24115,775
,,B.SC. (HONS) ZOOLOGY,24515,24515,24515,775
,,B.A. PROG. **,20545,20545,20545,775
19,Hindu College,B.A. (H) English,17560,17375,17375,225
,,B.A. (H) Hindi,17560,17375,17375,225
,,B.A. (H) Sanskrit,17560,17375,17375,225
,,B.A. (H) Economics,17560,17375,17375,225
,,B.A. (H) History,17560,17375,17375,225
,,B.A.(H) Pol. Science,17560,17375,17375,225
,,B.A. (H) Sociology,17560,17375,17375,225
,,B.A. (H) Philosophy,17560,17375,17375,225
,,B.A. (H) Music,17590,17405,17405,225
,,B.Com (H),18260,18075,18075,225
,,B.Sc.(H) Physics,20460,20275,20275,225
,,B.Sc. (H) Chemistry,20460,20275,20275,225
,,B.Sc. (H) Botany,20460,20275,20275,225
,,B.Sc. (H) Zoology,20460,20275,20275,225
,,B.Sc. (H) Mathematics,18560,18375,18375,225
,,B.Sc.(H) Statistics,19260,19075,19075,225
,,B.Sc. (PS) Chemistry,20460,20275,20275,225
,,B.Sc. (PS) Electronics,20460,20275,20275,225
20,Indraprastha College for Women,B.A.(H) Economics,24100,24100,24100,5
,,B.A.(H) English,24100,24100,24100,5
,,B.A.(H) Geography,34100,34100,34100,5
,,B.A.(H) Hindi,24100,24100,24100,5
,,B.A.(H) History,24100,24100,24100,5
,,B.A.(H) Philosophy,24100,24100,24100,5
,,B.A.(H) Political Science,24100,24100,24100,5
,,B.A.(H) Psychology,32100,32100,32100,5
,,B.A.(H) Sanskrit,24100,24100,24100,5
,,B.A.(H) Sociology,24100,24100,24100,5
,,B.COM.(Hons),28100,28100,28100,5
,,B.SC.(H) Computer Science,45600,45600,45600,5
,,B.Sc.(H) MATHEMATICS,28100,28100,28100,5
21,Institute of Home Economics,B.Sc. (Hons) Biochemistry,34750,34750,34750,505
,,B.Sc. (Hons) Microbiology,28890,28890,28890,505
,,B.Sc. (Hons) Food Tech,39995,39995,39995,505
,,B.Sc. (Hons) Home Science,28890,28890,28890,505
,,B.Sc. (Passs) Home Science,28890,28890,28890,505
22,Janki Devi Memorial College,B.A. (Prog.),14475,14475,14475,605
,,B.Com,14475,14475,14475,605
,,B.Com (Hons),15475,15475,15475,605
,,B.A. (H) Economics,14475,14475,14475,605
,,B.A. (H) English,14475,14475,14475,605
,,B.A. (H) Hindi,14475,14475,14475,605
,,B.A. (H) History,14475,14475,14475,605
,,B.Sc. (H) Mathematics,15475,15475,15475,605
,,B.A. (H) Philosophy,14475,14475,14475,605
,,B.A. (H) Pol. Science,14475,14475,14475,605
,,B.A. (H) Sanskrit,14475,14475,14475,605
,,B.A. (H) Sociology,14475,14475,14475,605
23,Jesus and Mary College,B. Com (Hons),,,,
,,B. Com Course,,,,
,,Economics Hons.,For fees kindly refer College Prospectus,,,
,,English Hons.,on College website:  jmc.ac.in,,,
,,Hindi Hons.,,,,
,,History Hons.,,,,
,,B. Sc. Mathematics Hons.,,,,
,,Political Science Hons.,,,,
,,Psychology Hons.,,,,
,,Sociology Hons.,,,,
,,B. Voc Healthcare Management,,,,
,,B.Voc Retail Management & IT,,,,
24,Kalindi College,B.A. (Hons) Economics,9197,9197,9197,105
,,B.A. (Hons) English,9197,9197,9197,105
,,B.A. (Hons) Geography,12797,12797,12797,105
,,B.A. (Hons) Hindi,9197,9197,9197,105
,,B.A. (Hons) History,9197,9197,9197,105
,,B.A. (Hons) Journalism,21747,21747,21747,105
,,B.A. (Hons) Political Science,9197,9197,9197,105
,,B.A. (Hons) Sanskrit,9197,9197,9197,105
,,B.A. Programme,9197,9197,9197,105
,,B.Com,9197,9197,9197,105
,,B.Com (Hons),11297,11297,11297,105
,,B.Sc (Hons) Botany,13297,13297,13297,105
,,B.Sc (Hons) Chemistry,13297,13297,13297,105
,,B.Sc (Hons) Computer Science,29247,29247,29247,105
,,B.Sc (Hons) Mathematics,13297,13297,13297,105
,,B.Sc (Hons) Physics,13297,13297,13297,105
,,B.Sc (Hons) Zoology,13297,13297,13297,105
,,B.Sc (Life Sciences),13297,13297,13297,105
,,B.Sc. Physical Science,12997,12997,12997,105
,,B.Voc. Web Designing,15747,15747,15747,105
,,BA (PROGRAM),9700,9700,9700,Exempted
,,B COM,9700,9700,9700,Exempted
,,B COM (HONS),13100,13100,13100,Exempted
,,BA(HONS) JOURNALISM,18700,18700,18700,Exempted
,,BA(HONS) ENGLISH,9700,9700,9700,Exempted
,,BA (HONS) HISTORY,9700,9700,9700,Exempted
25,Kamala Nehru College,BA(HONS) HINDI,9700,9700,9700,Exempted
,,BA(HONS) ECONOMICS,9700,9700,9700,Exempted
,,BA(HONS) POLITICAL SCIENCE,9700,9700,9700,Exempted
,,BA(HONS) PHILOSOPHY,9700,9700,9700,Exempted
,,BA(HONS) PSYCHOLOGY,11100,11100,11100,Exempted
,,BA(HONS) GEOGRAPHY,11600,11600,11600,Exempted
,,BSC (HONS) MATHEMATICS,10500,10500,10500,Exempted
,,BA(HONS) SANSKRIT,9700,9700,9700,Exempted
,,BA(HONS)SOCIOLOGY,9700,9700,9700,Exempted
26,Keshav Mahavidyalaya,B.Com(Hons.),9336,9156,9156,280
,,B.Sc(Hons.) Computer Science,24156,23976,23976,280
,,B.Sc(Hons.) Electronics,9336,9156,9156,280
,,B.Sc(Hons.)Mathematics,9336,9156,9156,280
,,B.Sc(Prog.)Mathematical Sciences,9336,9156,9156,280
,,B.Sc(Prog.) Physical Sciences,9336,9156,9156,280
,,B.Sc(Hons.)Physics,9336,9156,9156,280
,,B.A (Hons.) Psychology,9336,9156,9156,280
,,B.Com.(Hons),13745,13560,13560,125
,,B.COM,12345,12160,12160,125
,,Economics,12345,12160,12160,125
,,English,12345,12160,12160,125
,,Geography,13945,13760,13760,125
,,Hindi,12245,12060,12060,125
,,History,12245,12060,12060,125
,,Political Science,12245,12060,12060,125
,,Sanskrit,12245,12060,12060,125
27,Kirori Mal College,Urdu,12345,12160,12160,125
,,"Applied Science
( An. Chemistry)",14695,14510,14510,125
,,"Physical Science
( Computer as a subject)",14595,14410,14410,125
,,Physical Science,14595,14410,14410,125
,,Life Science,14795,14610,14610,125
,,Botany,14895,14710,14710,125
,,Chemistry,14695,14510,14510,125
,,Mathematics,13695,13510,13510,125
,,Physics,14295,14110,14110,125
,,Statistics,14195,14010,14010,125
,,Zoology,14895,14710,14710,125
28,Lady Irwin College,B.Sc. Pass Home Science,29645,29645,29645,29645
,,B.Sc. Hons Home Science,29645,29645,29645,29645
,,B.Sc. Hons Food Technology,29645,29645,29645,29645
29,Lady Shri Ram College for Women,B.Com(H),19870,19870,19870,1550
,,BA (H) Economics,15870,15870,15870,1550
,,BA (H) English,15870,15870,15870,1550
,,BA (H) Hindi,15870,15870,15870,1550
,,BA(H) History,15870,15870,15870,1550
,,B.Sc.(H) Mathematics,20370,20370,20370,1550
,,B.Sc (H)Statistics,20670,20670,20670,1550
,,BA(H) Philosophy,15870,15870,15870,1550
,,BA(H) Pol.Science,15870,15870,15870,1550
,,BA(H) Psychology,16970,16970,16970,1550
,,BA(H)Sanskrit,15870,15870,15870,1550
,,BA(H)Sociology,18870,18870,18870,1550
,,BA(H) Jounalism,25870,25870,25870,1550
,,B.A.PROGRAMME,20370,20370,20370,1550
30,Lakshmibai College,BA (Prog),7385,7385,7385,145
,,B Com (Prog),7385,7385,7385,145
,,BA (Hons) Political Science,7385,7385,7385,145
,,B Com (Hons),8385,8385,8385,145
,,BA (Hons) Economics,7385,7385,7385,145
,,BA (Hons) English,7385,7385,7385,145
,,BA (Hons) Hindi,7385,7385,7385,145
,,BA (Hons) History,7385,7385,7385,145
,,BSc (Hons) Maths,8385,8385,8385,145
,,BA (Hons) Philosophy,7385,7385,7385,145
,,BA (Hons) Sanskrit,7385,7385,7385,145
,,BA (Hons) Sociology,7385,7385,7385,145
,,BA (Hons) Psychology,7385,7385,7385,145
,,B Sc (Hons) Home Science,8385,8385,8385,145
31,Maharaja Agrasen College,BA Program,11000,11000,11000,55
,,BA (H) English,11000,11000,11000,55
,,BA (H) Hindi,11000,11000,11000,55
,,BA (H) Journalism,15000,15000,15000,55
,,BA (H) Political Science,11000,11000,11000,55
,,BCom (H),12000,12000,12000,55
,,BSc (H) Electronics,16000,16000,16000,55
,,BSc Physical Science (Computer Sc),15000,15000,15000,55
,,BSc Physical Science (Chemistry),15000,15000,15000,55
,,BSc Mathematical Science,12000,12000,12000,55
32,Maitreyi College,B.A. (P),6980,6980,6980,155
,,B.A.(H) ECONOMICS,6980,6980,6980,155
,,B.A.(H) ENGLISH,6980,6980,6980,155
,,B.A.(H) HINDI,6980,6980,6980,155
,,B.A.(H) HISTORY,6980,6980,6980,155
,,B.A.(H) POLITICAL SCIENCE,6980,6980,6980,155
,,B.A.(H) SANSKRIT,6980,6980,6980,155
,,B.A.(H) SOCIOLOGY,6980,6980,6980,155
,,B.COM.(P),6980,6980,6980,155
,,B.COM.(H),7880,7880,7880,155
,,B.SC. LIFE SCIENCES,9290,9290,9290,155
,,B.SC. PHYSICAL SCIENCES WITH CHEMISTRY,9290,9290,9290,155
,,B.SC. PHYSICAL SCIENCES WITH COMPUTER,9290,9290,9290,155
,,B.SC.(H) BOTANY,8390,8390,8390,155
,,B.SC.(H) CHEMISTRY,8390,8390,8390,155
,,B.SC.(H) MATHEMATICS,8390,8390,8390,155
,,B.SC.(H) PHYSICS,8390,8390,8390,155
,,B.SC.(H) ZOOLOGY,8390,8390,8390,155
,,B.A.(Hons) English,17585,N/A,N/A,55
,,B.A.(Hons) Hindi,17785,N/A,N/A,55
33,Mata Sundri College for Women,B.A.(Hons) Punjabi,5935,N/A,N/A,55
,,B.A.(Hons) Sanskrit,5935,N/A,N/A,55
,,B.A.(Hons) History,17585,N/A,N/A,55
,,B.A.(Hons) Pol. Science,17585,N/A,N/A,55
,,B.A.(Hons) Philosophy,17585,N/A,N/A,55
,,B.A.(Hons) Psychology,19385,N/A,N/A,55
,,B.Sc.(Hons) Mathematics,18985,N/A,N/A,55
,,B.Sc.(Hons) Computer Science,24100,N/A,N/A,55
,,B.Sc.(Hons) Statistics,19235,N/A,N/A,55
,,B.Com.(H),18785,N/A,N/A,55
,,B.A. Programme,17585,N/A,N/A,55
,,B.Com.(Programme),18785,N/A,N/A,55
34,Miranda House,English,14160,14160,14160,76
,,Hindi,14160,14160,14160,76
,,Economics,14160,14160,14160,76
,,History,14160,14160,14160,76
,,Philosophy,14160,14160,14160,76
,,Sanskrit,14160,14160,14160,76
,,Geography,17080,17080,17080,76
,,Sociology,14160,14160,14160,76
,,Political Science,14160,14160,14160,76
,,Music,14560,14560,14560,76
,,Bengali,14160,14160,14160,76
,,Life Science,19490,19490,19490,76
,,Physical Science,18590,18590,18590,76
,,Physics,19200,19200,19200,76
,,Chemistry,19600,19600,19600,76
,,Botany,19800,19800,19800,76
,,Zoology,19800,19800,19800,76
,,Mathematics,17100,17100,17100,76
35,Motilal Nehru College (Day),B.A (Hons) Economics,7150,7150,7150,50
,,B.A (Hons) English,7150,7150,7150,50
,,B.A (Hons) Hindi,7150,7150,7150,50
,,B.A (Hons) History,7150,7150,7150,50
,,B.A (Hons) Political Science,7150,7150,7150,50
,,B.A (Hons) Sanskrit,7150,7150,7150,50
,,B.A Programme,7150,7150,7150,50
,,B.Com,7450,7450,7450,50
,,B.Com (Hons),7450,7450,7450,50
,,B.Sc (Hons) Chemistry,9060,9060,9060,50
,,B.Sc (Hons) Mathematics,10300,10300,10300,50
,,B.Sc (Hons) Physics,9060,9060,9060,50
,,B.Sc. Physical Science with Chemistry,9060,9060,9060,50
,,B.Sc. Physical Science with Computer,9060,9060,9060,50
,,B.A. (Programme),7080,7080,7080,300
,,B.A. (H) English,7080,7080,7080,300
,,B.A. (H) Hindi,7080,7080,7080,300
36,Motilal Nehru College (Evening),B.A. (H) History,7080,7080,7080,300
,,B.A. (H) Pol. Science,7080,7080,7080,300
,,B.Com,7080,7080,7080,300
,,B.Com (H),7080,7080,7080,300
37,PGDAV College,B.A. (Hons) Economics,13700,13700,13700,1135
,,B.A. (Hons) English,13700,13700,13700,1135
,,B.A. (Hons) Hindi,13700,13700,13700,1135
,,B.A. (Hons) History,13700,13700,13700,1135
,,B.A. (Hons) Political Science,13700,13700,13700,1135
,,B.A. (Hons) Sanskrit,13700,13700,13700,1135
,,B.Com. (Hons),13900,13900,13900,1135
,,B.Sc. (Hons) Computer Science,41800,41800,41800,41800
,,B.Sc.(Hons) Mathematics,14100,14100,14100,1135
,,B.Sc. (Hons) Statistics,14500,14500,14500,1135
,,B.A. Programme,,,,
,,B.Com.,13700,13700,13700,1135
,,B.Sc. Mathematical Science,14500,14500,14500,1135
38,P.G.D.A.V. College  (Evening),B.A. (Prog.),14365,14365,14365,1325
,,B.Com (Prog.),15365,15365,15365,1325
,,B.Com (Hons),15565,15565,15565,1325
,,B.A. (H) Hindi,14365,14365,14365,1325
,,B.A. (H) Political Science,14365,14365,14365,1325
,,B.Sc. (H) Mathematics,15765,15765,15765,1325
,,B.A. (H)  Sanskrit,14365,14365,14365,1325
39,Rajdhani College,B.A (H) Economics,11170,11170,11170,55
,,B.A (H) English,11170,11170,11170,55
,,B.A (H) Hindi,11170,11170,11170,55
,,B.A (H) History,11170,11170,11170,55
,,B.A (H) Political Science,11170,11170,11170,55
,,B.A (H) Sanskrit,11170,11170,11170,55
,,B.A (Prog.),11170,11170,11170,55
,,B.Com (H),11170,11170,11170,55
,,B.Sc(H) Chemistry,13390,13390,13390,55
,,B.Sc(H) Physics,13390,13390,13390,55
,,B.Sc(H) Mathematics,11770,11770,11770,55
,,B.Sc(H) Electronics,12990,12990,12990,55
,,"B.Sc Applied Physical Science with Industrial
Chemistry",13390,13390,13390,55
,,B.Sc (Prog.) Physical Science with Chemistry,12990,12990,12990,55
,,B.Sc (Prog.) Physical Science with Computer Science,12990,12990,12990,55
,,B.Sc (Prog.) Physical Science with Electronics,12990,12990,12990,55
40,Ram Lal Anand College,B.A. (PROGRAMME),11000,10815,10815,75
,,B.A. (Hons) ENGLISH,11000,10815,10815,75
,,B.A. (Hons) HINDI,11000,10815,10815,75
,,B.A. (Hons) HISTORY,11000,10815,10815,75
,,B.A. (Hons) POLITICAL SCIENCE,11000,10815,10815,75
,,"B.A. (Hons) HINDI PATRAKARITA EVAM
JANSANCHAR",30250,30065,30065,75
,,B.COM,14300,14115,14115,75
,,B.COM (Hons),14300,14115,14115,75
,,B.SC.(Hons) COMPUTER SCIENCE,65140,64955,64955,75
,,B.SC.(Hons) GEOLOGY,15400,15215,15215,75
,,B.SC.(Hons)  MICROBIOLOGY,15400,15215,15215,75
,,B.SC.(Hons) STATISTICS,15400,15215,15215,75
,,B.SC.(Hons)  MATHEMATICS,24200,24015,24015,75
41,Ramanujan College,B. Com. (H),20000,20000,20000,170
,,B. Com.,20000,20000,20000,170
,,B. A. (H) Political Science,15000,15000,15000,170
,,B. A. (H) Hindi,15000,15000,15000,170
,,B. A. (H) English,20000,20000,20000,170
,,B. A. Programme,15000,15000,15000,170
,,B. Sc. (H) Statistics,22500,22500,22500,170
,,B. Sc. (H) Mathematics,22500,22500,22500,170
,,B. Sc. (H) Computer Science,30000,30000,30000,170
,,B. A. (H) Applied Psychology,22500,22500,22500,170
,,B. A. (H) Philosophy,20000,20000,20000,170
,,B. A. (H) Economics,20000,20000,20000,170
,,B. Voc. Banking Operations,25000,25000,25000,4800
,,B. Voc. Software Development,25000,25000,25000,4800
,,,,,,
,,B.A. (Prog.),13495,13495,13495,125
,,B.Com. (Prog.),14495,14495,14495,125
,,B Com (H),14495,14495,14495,125
,,B.Sc. Phys. Science with Chemistry,14610,14610,14610,125
,,B.Sc. Phys. Science with Electronics,14610,14610,14610,125
42,Ramjas College,B.Sc. Life Science,14610,14610,14610,125
,,B.A.(H) English,13495,13495,13495,125
,,B.A.(H) Hindi,13495,13495,13495,125
,,B.A.(H) Sanskrit,13495,13495,13495,125
,,B.A.(H) Eco.,13495,13495,13495,125
,,B.A.(H) History,13495,13495,13495,125
,,B.A.(H) Pol. Sci.,13495,13495,13495,125
,,B.A.(H) Music,13495,13495,13495,125
,,BSc.(H) Physics,17610,17610,17610,125
,,BSc(H) Chemistry,16610,16610,16610,125
,,BSc. (H) Math,14610,14610,14610,125
,,BSc(H) Statistic,15610,15610,15610,125
,,BSc(H) Botany,16610,16610,16610,125
,,BSc(H) Zoology,16610,16610,16610,125
43,Satyawati College,B.A. (PROG.),7655,7655,7655,40
,,B.COM (PROG.),7655,7655,7655,40
,,B.COM (H),7655,7655,7655,40
,,B.SC. (H) MATH,7655,7655,7655,40
,,B.A. (H) ECONOMICS,7655,7655,7655,40
,,B.A. (H) ENGLISH,7655,7655,7655,40
,,B.A. (H) HINDI,7655,7655,7655,40
,,B.A. (H) HISTORY,7655,7655,7655,40
,,B.A. (H) POLITICAL SCIENCE,7655,7655,7655,40
,,B.A. (H) SANSKRIT,7655,7655,7655,40
,,B.A. (H) URDU,7655,7655,7655,40
,,B.A. (Prog.),7795,7115,7115,40
44,Satyawati College (Evening),Hindi (H),7795,7115,7115,40
,,English (H),7795,7115,7115,40
,,History (H),7795,7115,7115,40
,,Political Science (H),7795,7115,7115,40
,,Economics (H),7795,7115,7115,40
,,B.Com (Prog.),7795,7115,7115,40
,,B.Com (H),7795,7115,7115,40
45,Shaheed Bhagat Singh College,B.Com (Hons),7855,7855,7855,75
,,B.Com,7855,7855,7855,75
,,B.A (Hons) Economics,7055,7055,7055,75
,,B.A (Hons) English,7555,7555,7555,75
,,B.A (Hons) Geography,8455,8455,8455,75
,,B.A (Hons) Hindi,7055,7055,7055,75
,,B.A (Hons) History,7055,7055,7055,75
,,B.Sc (Hons) Mathematics,7055,7055,7055,75
,,B.A (Hons) Political Science,7555,7555,7555,75
,,B.A Programme,7055,7055,7055,75
46,Shaheed Bhagat Singh Evening College,B.Com,6825,6825,6825,60
,,B.Com (Hons),6825,6825,6825,60
,,B.A.(Hons) Geography,7225,7225,7225,60
,,B.A.(Hons) political science,6125,6125,6125,60
,,B.A.(Programme),6125,6125,6125,60
,,B.Sc (Hons) Biomedical Science,25620,25440,25440,1490
,,B.Sc (Hons) Bio-Chemistry,15620,15440,15440,1490
,,B.Sc (Hons) Chemistry,15620,15440,15440,1490
,,B.Sc (Hons) Computer Science,30620,30440,30440,1490
47,Shaheed Rajguru College of Applied Sciences for Women,B.Sc (Hons) Electronics,15620,15440,15440,1490
,,B.Sc (Hons) Food Technology,15620,15440,15440,1490
,,B.Sc (Hons) Instrumentation,15620,15440,15440,1490
,,B.Sc (Hons) Mathematics,15620,15440,15440,1490
,,B.Sc (Hons) Microbiology,15620,15440,15440,1490
,,B.Sc (Hons) Physics,15620,15440,15440,1490
,,B.A (Hons) Psychology,15620,15440,15440,1490
,,B.Sc (Hons) Statistics,15620,15440,15440,1490
48,Shaheed Sukhdev College of Business Studies,B. Sc. (H). Computer Science,29025,29025,29025,4055
49,Shivaji College,B.Sc. (Hons.) Mathematics,22170,22170,22170,170
,,B.Com (Hons.),19850,19850,19850,170
,,B.Com (Programme),18850,18850,18850,170
,,B.A. (Hons.) Economics,18650,18650,18650,170
,,B.A. (Hons.) Geography,21050,21050,21050,170
,,B.A. (Hons.) Hindi,18650,18650,18650,170
,,B.A. (Hons.) History,18650,18650,18650,170
,,B.A. (Hons.) Political Science,18650,18650,18650,170
,,B.A. (Programme),18650,18650,18650,170
,,B.A. (Hons.) English,18650,18650,18650,170
,,B.A. (Hons.) Sanskrit,18650,18650,18650,170
,,B.Sc. Physical Sciences (Chemistry),22970,22970,22970,170
,,B.Sc. Life Sciences,22970,22970,22970,170
,,B.Sc. Applied Physical Sciences (Computer Science),22570,22570,22570,170
,,B.Sc. (Hons.) Biochemistry,23970,23970,23970,170
,,B.Sc. (Hons.) Botany,22970,22970,22970,170
,,B.Sc. (Hons.) Chemistry,22970,22970,22970,170
,,B.Sc. (Hons.) Physics,22970,22970,22970,170
,,B.Sc. (Hons.) Zoology,22970,22970,22970,170
50,Shri Ram College of Commerce,B. Com. (Hons.),15000,14905,14905,75
,,B.A. (Hons.) Economics,15000,14905,14905,75
51,Shyam Lal College,B.A. (Programme),16450,16450,16450,90
,,B.A. (H) Economics,16450,16450,16450,90
,,B.A.(H) English,16450,16450,16450,90
,,B.A.(H) Hindi,16450,16450,16450,90
,,B.A.(H) History,16450,16450,16450,90
,,B.A.(H) Pol.Science,16450,16450,16450,90
,,B.COM. PROG.,16450,16450,16450,90
,,B.COM.(H),16450,16450,16450,90
,,BSC. Physical Science,,,,
,,B.Sc. Phy. SC. (CH),17450,17450,17450,90
,,B.Sc. Phy. SC. (CS),17450,17450,17450,90
,,B.Sc. Phy. SC. (Elect),17450,17450,17450,90
,,Chemisrty (Hons),20450,20450,20450,90
,,Math. (Hons),20450,20450,20450,90
52,Shyam Lal College (Evening),B.A. Programme,10800,10800,10800,20
,,B.A.(H) HN,10800,10800,10800,20
,,B.A.(H) EC,10800,10800,10800,20
,,B.A.(H) PS,10800,10800,10800,20
,,B.COM. PROG.,10800,10800,10800,20
,,B.COM.(H),10800,10800,10800,20
53,Shyama Prasad Mukherji College (for Women),B.A. (Hons) Applied Psychology,9885,9885,9885,125
,,B.A. (Hons) Economics,7685,7685,7685,125
,,B.A. (Hons) English,7685,7685,7685,125
,,B.A. (Hons) Geography,9385,9385,9385,125
,,B.A. (Hons) Hindi,7685,7685,7685,125
,,B.A. (Hons) History,7685,7685,7685,125
,,B.A. (Hons) Philosophy,7685,7685,7685,125
,,B.A. (Hons) Pol.Science,7685,7685,7685,125
,,B.A.(Hons) Sanskrit,7685,7685,7685,125
,,B. Com.(Programme),9685,9685,9685,125
,,B.Com. (Hons),9885,9885,9885,125
,,B.Sc. (Hons) Computer Science,39305,39305,39305,125
,,B.Sc. (Hons) Mathematics,9885,9885,9885,125
54,Sri Aurobindo College (Day),B.A.(Programme),6880,6880,6880,75
,,B.A.(Hons.) English,6880,6880,6880,75
,,B.A.(Hons.) Hindi,6880,6880,6880,75
,,B.A.(Hons.) Pol. Science,6880,6880,6880,75
,,B.Com.(Programme),6880,6880,6880,75
,,B.Com.(Hons.),6880,6880,6880,75
,,B.Sc.Life Science,9916,9916,9916,75
,,B.Sc.Physical Science,9916,9916,9916,75
,,B.Sc.(H) Electronics,9916,9916,9916,75
55,Sri Aurobindo College (Eve.),B.Com,5164,5164,5164,2694
,,B.Com(Hons.),6084,6084,6084,2694
,,B.A (Hons.) Economics,5049,5049,5049,2694
,,B.A (Hons.) Hindi,5049,5049,5049,2694
,,B.A (Hons.) App. Psychology,7349,7349,7349,2694
,,B.A (Hons.) English,5049,5049,5049,2694
56,Sri Guru Gobind Singh College of Commerce,B.Com Hons,27200,NA,NA,125
,,B.Com,27200,NA,NA,125
,,B.A. (Hons.) Economics,27200,NA,NA,125
,,B.A. (Hons.) Punjabi,27200,NA,NA,125
,,B.Sc( Hons.) Computer Science,45200,NA,NA,125
57,Sri Guru Nanak Dev Khalsa College,B.Com. (Hons.),18025,NA,NA,125
,,B.A. (Hons.) English,18025,NA,NA,125
,,B.A. (Hons.) Hindi,18025,NA,NA,125
,,B.A.(Hons.) Punjabi,18025,NA,NA,125
,,B.A. (Hons.) History,18025,NA,NA,125
,,B.A. (Hons.) Political Science,18025,NA,NA,125
,,B.A. (Hons.) Hindi Patrakarita Evam Jansanchar,39025,NA,NA,125
,,B.Com. (P),18025,NA,NA,125
,,BA PROGRAMME,18025,NA,NA,125
,,B.Sc. (Hons.) Mathematics,18025,NA,NA,125
,,B.A. (Hons.) English,20915,NA,NA,175
,,B.A. (Hons.) Hindi,20915,NA,NA,175
,,B.A. (Hons.) Punjabi,20915,NA,NA,175
,,B.A. (Hons.) Economics,20915,NA,NA,175
,,B.A. (Hons.) History,20915,NA,NA,175
,,B.A. (Hons.) Political Science,20915,NA,NA,175
,,B.A. Programme,20915,NA,NA,175
,,B. Com,26965,NA,NA,175
,,B. Com. (Hons.),26965,NA,NA,175
58,Sri Guru Tegh Bahadur Khalsa College,B.Sc. (Hons.) Botany,26965,NA,NA,175
,,B.Sc. (Hons.) Chemistry,26965,NA,NA,175
,,B.Sc. (Hons.) Computer Science,26965,NA,NA,175
,,B.Sc. (Hons.) Electronics,26965,NA,NA,175
,,B.Sc. (Hons.) Mathematics,26965,NA,NA,175
,,B.Sc. (Hons.) Physics,26965,NA,NA,175
,,B.Sc. (Hons.) Zoology,26965,NA,NA,175
,,B.Sc. Programme Life Science,26965,NA,NA,175
,,"B.Sc. Programme Physical Science (Math, Phy, Chem)",26965,NA,NA,175
,,"B.Sc. Programme Physical Science (Math, Phy, Comp. Sc.)",26965,NA,NA,175
59,Sri Venkateswara College,B.A.Programme,12405,12405,12405,670
,,B.Com,12405,12405,12405,670
,,B.Com(Hons),12405,12405,12405,670
,,B.A.(Hons)English,12405,12405,12405,670
,,B.A.(Hons)Hindi,12405,12405,12405,670
,,B.A.(Hons)Sanskrit,12405,12405,12405,670
,,B.A.(Hons)Economics,12405,12405,12405,670
,,B.A.(Hons)History,12405,12405,12405,670
,,B.A.(Hons)Political Science,12405,12405,12405,670
,,B.A.(Hons)Sociology,12405,12405,12405,670
,,B.Sc (Programme) Life Sciences,14555,14555,14555,670
,,B.Sc.(Hons)Physics,14555,14555,14555,670
,,B.Sc.(Hons)Chemistry,14805,14805,14805,670
,,B.Sc.(Hons)Botany,14555,14555,14555,670
,,B.Sc.(Hons)Zoology,14555,14555,14555,670
,,B.Sc.(Hons)Biological Sciences,14555,14555,14555,670
,,B.Sc.(Hons)Bio-Chemistry,14805,14805,14805,670
,,B.Sc.(Hons)Electronics,14555,14555,14555,670
,,B.Sc.(Hons)Mathematics,13805,13805,13805,670
,,B.Sc.(Hons)Statistics,13355,13355,13355,670
60,St. Stephen's College,B. A. Economics (Hons),40420,40420,40420,150
,,B. A. English (Hons),40420,40420,40420,150
,,B A. History (Hons),40420,40420,40420,150
,,B. A. Philosophy (Hons),40420,40420,40420,150
,,B. A. Sanskrit (Hons),40420,40420,40420,150
,,B. Sc. Mathematics (Hons),40780,40780,40780,150
,,B. Sc. Chemistry (Hons),42835,42835,42835,150
,,B. Sc. Physics (Hons),42835,42835,42835,150
,,B. Sc. Programme (Physical Science),42835,42835,42835,150
,,B. A. Programme,40420,40420,40420,150
61,Swami Shraddhanand College,B.A. Programme,11055,11055,11055,510
,,B.A.(Hons.) English,11055,11055,11055,510
,,B.A (Hons.) Geography,12155,12155,12155,510
,,B.A.(Hons.) Hindi,11055,11055,11055,510
,,B.A.(Hons.) History,11055,11055,11055,510
,,B.Com.  Programme,12155,12155,12155,510
,,B.Com. (Hons.),12155,12155,12155,510
,,B.Sc. Programme Life Sciences,12155,12155,12155,510
,,B.Sc. Programme Applied Science,12155,12155,12155,510
,,B.Sc. Programme Physical  Sciences,12155,12155,12155,510
,,B.Sc. (Hons.) Botany,12155,12155,12155,510
,,B.Sc. (Hons.  Microbiology,12155,12155,12155,510
,,B.Sc. (Hons.) Physics,12155,12155,12155,510
,,B.SC. (Hons.) Chemistry,12155,12155,12155,510
,,B.Sc.(Hons.) Zoology,12155,12155,12155,510
62,Vivekananda College,B.A. (PROG),13400,13400,13400,125
,,B.COM,13400,13400,13400,125
,,B.COM (HONS),13400,13400,13400,125
,,B.A. (HONS) APPLIED PSYCHOLOGY,13400,13400,13400,125
,,B.A. (HONS) ENGLISH,12900,12900,12900,125
,,B.A. (HONS) HINDI,12900,12900,12900,125
,,B.A. (HONS) HISTORY,12900,12900,12900,125
,,B.A. (HONS) POLITICAL SCIENCE,12900,12900,12900,125
,,B.A. (HONS) SANSKRIT,12900,12900,12900,125
,,B.SC. (HONS) MATHEMATICS,13400,13400,13400,125
,,B.SC. (HONS) HOME SCIENCE,13400,13400,13400,125
,,B.A. Programme,8680,8680,8680,45
,,B.A.(H) Arabic,8680,8680,8680,45
,,B.A.(H) Bengali,8680,8680,8680,45
,,B.A.(H) Economics,8680,8680,8680,45
,,B.A.(H) English,8680,8680,8680,45
,,B.A.(H) Hindi,8680,8680,8680,45
,,B.A.(H) History,8680,8680,8680,45
,,B.A.(H) Persian,8680,8680,8680,45
,,B.A.(H) Philosophy,8680,8680,8680,45
63,Zakir Husain Delhi College,B.A.(H) Political Science,8680,8680,8680,45
,,B.A.(H) Psychology,11580,11580,11580,45
,,B.A.(H) Sanskrit,8680,8680,8680,45
,,B.A.(H) Urdu,8680,8680,8680,45
,,B.Com.,8980,8980,8980,45
,,B.Com.(H),9880,9880,9880,45
,,B.Sc. Life Sciences,11616,11616,11616,45
,,B.Sc. Physical Sciences,11616,11616,11616,45
,,B.Sc.(H) Botany,12366,12366,12366,45
,,B.Sc.(H) Chemistry,12316,12316,12316,45
,,B.Sc.(H) Electronics,12416,12416,12416,45
,,B.Sc.(H) Mathematics,12116,12116,12116,45
,,B.Sc.(H) Zoology,12366,12366,12366,45
64,Zakir Husain Delhi College (Eve.),B. COM.,6909,6909,6909,99
,,B. COM. (HONS.),7109,7109,7109,99
,,ENGLISH (HONS.),6309,6309,6309,99
,,HINDI (HONS.),6309,6309,6309,99
,,HISTORY (HONS.),6309,6309,6309,99
,,POLITICAL SCIENCE (HONS.),6309,6309,6309,99
,,PERSIAN (HONS.),6309,6309,6309,99
,,SANSKRIT (HONS.),6309,6309,6309,99
,,URDU (HONS.),6309,6309,6309,99
,,B.A. (PROG.),6309,6309,6309,99
Note: The Fee may be revised by the Colleges/Department,,,,,,